{
    "RMSE": 0.6210888339558928,
    "MAE": 0.4945977492082838,
    "R2": 0.32499911050993646
}